{
  "pt_ms": 0.43194366455078126,
  "mlir_ms": 0.27817983627319337,
  "speedup": 1.5527497259958853,
  "dtype": "bfloat16"
}